Workbook

Sheet Итог
A1: Вводные данные
A2: N | B2: 10000
A3: MDE | B3: 1000
A4: Расчетные данные
A5: прибыль | B5: =SUM('Положительный исход'!O2:O17) -> 2070471.3
A6: потери | B6: =SUM('Отрицательный исход'!O2) -> -517326.83
A7: баланс | B7: =B5+B6 -> 1553144.4
A8: количество наблюдений | B8: =SUM('Нейтральный исход'!P2:P38) -> 3135

Sheet Положительный исход
A1: city | B1: id_trading_point | C1: count_test | D1: count_control | E1: count_all | F1: percent_count | G1: avg_payment_test | H1: avg_payment_control | I1: diff | J1: sigma_test | K1: sigma_control | L1: ttest | M1: pvalue_ttest | N1: label | O1: выгода
A2: Казань | B2: 544 | C2: 356 | D2: 384 | E2: 740 | F2: 1.6141698 | G2: 1971.9888 | H2: 1604.0911 | I2: 367.89762 | J2: 2544.7737 | K2: 2351.2184 | L2: -2.0380003 | M2: 0.041914491 | N2: Положительный исход | O2: =I2*Итог!$B$2*('Положительный исход'!F2/100) -> 59384.922
A3: Москва | B3: 1002 | C3: 130 | D3: 186 | E3: 316 | F3: 0.68929413 | G3: 3441.0846 | H3: 1742.6075 | I3: 1698.4771 | J3: 2736.0859 | K3: 2239.19 | L3: -5.8414621 | M3: 1.6659461e-08 | N3: Положительный исход | O3: =I3*Итог!$B$2*('Положительный исход'!F3/100) -> 117075.03
A4: Москва | B4: 1287 | C4: 366 | D4: 353 | E4: 719 | F4: 1.5683623 | G4: 2043.9098 | H4: 1251.9235 | I4: 791.98632 | J4: 2253.232 | K4: 1909.6593 | L4: -5.0908067 | M4: 4.5787212e-07 | N4: Положительный исход | O4: =I4*Итог!$B$2*('Положительный исход'!F4/100) -> 124212.15
A5: Москва | B5: 1654 | C5: 773 | D5: 760 | E5: 1533 | F5: 3.343949 | G5: 2810.4411 | H5: 2288.7921 | I5: 521.64903 | J5: 2463.6038 | K5: 2368.359 | L5: -4.2266717 | M5: 2.5119295e-05 | N5: Положительный исход | O5: =I5*Итог!$B$2*('Положительный исход'!F5/100) -> 174436.78
A6: Москва | B6: 2652 | C6: 2225 | D6: 2334 | E6: 4559 | F6: 9.9445947 | G6: 2278.6036 | H6: 1817.0775 | I6: 461.52605 | J6: 2339.7863 | K6: 2229.1872 | L6: -6.8125539 | M6: 1.0848638e-11 | N6: Положительный исход | O6: =I6*Итог!$B$2*('Положительный исход'!F6/100) -> 458968.95
A7: Самара | B7: 33 | C7: 215 | D7: 256 | E7: 471 | F7: 1.0273973 | G7: 4058.014 | H7: 2248.4102 | I7: 1809.6038 | J7: 2270.7154 | K7: 2270.4277 | L7: -8.6153845 | M7: 1.1560706e-16 | N7: Положительный исход | O7: =I7*Итог!$B$2*('Положительный исход'!F7/100) -> 185918.2
A8: Самара | B8: 34 | C8: 219 | D8: 248 | E8: 467 | F8: 1.018672 | G8: 2860.7306 | H8: 1573.7742 | I8: 1286.9564 | J8: 2586.5279 | K8: 2213.5939 | L8: -5.7378797 | M8: 1.8067237e-08 | N8: Положительный исход | O8: =I8*Итог!$B$2*('Положительный исход'!F8/100) -> 131098.65
A9: Самара | B9: 35 | C9: 208 | D9: 194 | E9: 402 | F9: 0.87688683 | G9: 2477.0529 | H9: 1508.8351 | I9: 968.21783 | J9: 2375.3078 | K9: 2184.8081 | L9: -4.2569616 | M9: 2.5847953e-05 | N9: Положительный исход | O9: =I9*Итог!$B$2*('Положительный исход'!F9/100) -> 84901.747
A10: Самара | B10: 36 | C10: 129 | D10: 140 | E10: 269 | F10: 0.58677253 | G10: 1835.7984 | H10: 784.2 | I10: 1051.5984 | J10: 2447.0044 | K10: 1608.7337 | L10: -4.1277839 | M10: 5.2124531e-05 | N10: Положительный исход | O10: =I10*Итог!$B$2*('Положительный исход'!F10/100) -> 61704.909
A11: Санкт-Петербург | B11: 117 | C11: 613 | D11: 579 | E11: 1192 | F11: 2.6001222 | G11: 2404.925 | H11: 1927.6339 | I11: 477.29111 | J11: 2551.4878 | K11: 2388.2448 | L11: -3.3359043 | M11: 0.00087646162 | N11: Положительный исход | O11: =I11*Итог!$B$2*('Положительный исход'!F11/100) -> 124101.52
A12: Санкт-Петербург | B12: 213 | C12: 226 | D12: 251 | E12: 477 | F12: 1.0404851 | G12: 2744.2965 | H12: 2132.0916 | I12: 612.20483 | J12: 2553.6545 | K12: 2459.0641 | L12: -2.6605968 | M12: 0.0080696096 | N12: Положительный исход | O12: =I12*Итог!$B$2*('Положительный исход'!F12/100) -> 63699.001
A13: Санкт-Петербург | B13: 453 | C13: 1033 | D13: 1036 | E13: 2069 | F13: 4.5131315 | G13: 2206.606 | H13: 1756.9334 | I13: 449.6726 | J13: 2495.6966 | K13: 2368.9762 | L13: -4.2029952 | M13: 2.7465732e-05 | N13: Положительный исход | O13: =I13*Итог!$B$2*('Положительный исход'!F13/100) -> 202943.16
... A17: Тюмень | B17: 19 | C17: 130 | D17: 141 | E17: 271 | F17: 0.59113515 | G17: 2043.8231 | H17: 1401.7163 | I17: 642.10676 | J17: 2442.2668 | K17: 2279.2985 | L17: -2.2324534 | M17: 0.026426952 | N17: Положительный исход | O17: =I17*Итог!$B$2*('Положительный исход'!F17/100) -> 37957.188

Sheet Отрицательный исход
A1: city | B1: id_trading_point | C1: count_test | D1: count_control | E1: count_all | F1: percent_count | G1: avg_payment_test | H1: avg_payment_control | I1: diff | J1: sigma_test | K1: sigma_control | L1: ttest | M1: pvalue_ttest | N1: label | O1: потеря
A2: Ярославль | B2: 46 | C2: 557 | D2: 521 | E2: 1078 | F2: 2.3514528 | G2: 0 | H2: 2200.0307 | I2: -2200.0307 | J2: 0 | K2: 2414.6514 | L2: 20.796639 | M2: 2.3448955e-70 | N2: Отрицательный исход | O2: =I2*Итог!$B$2*('Отрицательный исход'!F2/100) -> -517326.83

Sheet Нейтральный исход
A1: city | B1: id_trading_point | C1: count_test | D1: count_control | E1: count_all | F1: percent_count | G1: avg_payment_test | H1: avg_payment_control | I1: diff | J1: sigma_test | K1: sigma_control | L1: ttest | M1: pvalue_ttest | N1: label | O1: Стандартное отклонение | P1: Необходимое кол-во наблюдений
A2: Великий Новгород | B2: 23 | C2: 123 | D2: 106 | E2: 229 | F2: 0.49952011 | G2: 1288.5041 | H2: 1225.4057 | I2: 63.098405 | J2: 2237.0032 | K2: 2022.1777 | L2: -0.22412299 | M2: 0.82286367 | N2: Нейтральный исход | O2: =MIN(J2,K2) -> 2022.1777 | P2: =CEILING(2 * (1.96 + 0.84)^2 * O2^2 / Итог!$B$3^2, 1) -> 65
A3: Владимир | B3: 11 | C3: 491 | D3: 600 | E3: 1091 | F3: 2.3798098 | G3: 2222.7515 | H3: 1985.195 | I3: 237.55653 | J3: 2537.0057 | K3: 2445.6636 | L3: -1.5637677 | M3: 0.11817903 | N3: Нейтральный исход | O3: =MIN(J3,K3) -> 2445.6636 | P3: =CEILING(2 * (1.96 + 0.84)^2 * O3^2 / Итог!$B$3^2, 1) -> 94
A4: Волгоград | B4: 66 | C4: 648 | D4: 684 | E4: 1332 | F4: 2.9055056 | G4: 2153.0386 | H4: 2365.2865 | I4: -212.24797 | J4: 2431.0693 | K4: 2467.3983 | L4: 1.5810728 | M4: 0.11409953 | N4: Нейтральный исход | O4: =MIN(J4,K4) -> 2431.0693 | P4: =CEILING(2 * (1.96 + 0.84)^2 * O4^2 / Итог!$B$3^2, 1) -> 93
A5: Дмитров | B5: 2 | C5: 78 | D5: 71 | E5: 149 | F5: 0.32501527 | G5: 579.33333 | H5: 483.4507 | I5: 95.882629 | J5: 1860.7624 | K5: 1654.9232 | L5: -0.33288476 | M5: 0.73969579 | N5: Нейтральный исход | O5: =MIN(J5,K5) -> 1654.9232 | P5: =CEILING(2 * (1.96 + 0.84)^2 * O5^2 / Итог!$B$3^2, 1) -> 43
A6: Казань | B6: 439 | C6: 339 | D6: 335 | E6: 674 | F6: 1.4702033 | G6: 1888.3628 | H6: 1830.6448 | I6: 57.718056 | J6: 2599.2603 | K6: 2519.7893 | L6: -0.29270647 | M6: 0.76983691 | N6: Нейтральный исход | O6: =MIN(J6,K6) -> 2519.7893 | P6: =CEILING(2 * (1.96 + 0.84)^2 * O6^2 / Итог!$B$3^2, 1) -> 100
A7: Казань | B7: 477 | C7: 364 | D7: 361 | E7: 725 | F7: 1.5814501 | G7: 1717.1841 | H7: 1732.5873 | I7: -15.403192 | J7: 2406.8602 | K7: 2498.3714 | L7: 0.084529328 | M7: 0.93265903 | N7: Нейтральный исход | O7: =MIN(J7,K7) -> 2406.8602 | P7: =CEILING(2 * (1.96 + 0.84)^2 * O7^2 / Итог!$B$3^2, 1) -> 91
A8: Казань | B8: 516 | C8: 585 | D8: 602 | E8: 1187 | F8: 2.5892156 | G8: 2302.4393 | H8: 2276.8854 | I8: 25.553934 | J8: 2697.1364 | K8: 2694.2239 | L8: -0.16328143 | M8: 0.87032472 | N8: Нейтральный исход | O8: =MIN(J8,K8) -> 2694.2239 | P8: =CEILING(2 * (1.96 + 0.84)^2 * O8^2 / Итог!$B$3^2, 1) -> 114
A9: Казань | B9: 699 | C9: 458 | D9: 469 | E9: 927 | F9: 2.0220749 | G9: 1783.7162 | H9: 1922.162 | I9: -138.44589 | J9: 2545.6977 | K9: 2545.8119 | L9: 0.82783333 | M9: 0.40797854 | N9: Нейтральный исход | O9: =MIN(J9,K9) -> 2545.6977 | P9: =CEILING(2 * (1.96 + 0.84)^2 * O9^2 / Итог!$B$3^2, 1) -> 102
A10: Казань | B10: 991 | C10: 247 | D10: 282 | E10: 529 | F10: 1.1539133 | G10: 2196.8057 | H10: 1974.773 | I10: 222.03262 | J10: 2663.981 | K10: 2613.5187 | L10: -0.96487122 | M10: 0.33506207 | N10: Нейтральный исход | O10: =MIN(J10,K10) -> 2613.5187 | P10: =CEILING(2 * (1.96 + 0.84)^2 * O10^2 / Итог!$B$3^2, 1) -> 108
A11: Краснодар | B11: 1101 | C11: 772 | D11: 844 | E11: 1616 | F11: 3.5249978 | G11: 2019.0311 | H11: 2252.3851 | I11: -233.35398 | J11: 2450.5473 | K11: 2524.1226 | L11: 1.8848594 | M11: 0.059628991 | N11: Нейтральный исход | O11: =MIN(J11,K11) -> 2450.5473 | P11: =CEILING(2 * (1.96 + 0.84)^2 * O11^2 / Итог!$B$3^2, 1) -> 95
A12: Краснодар | B12: 1989 | C12: 231 | D12: 261 | E12: 492 | F12: 1.0732048 | G12: 4109.9567 | H12: 3912.8621 | I12: 197.09464 | J12: 2184.066 | K12: 2113.8096 | L12: -1.0141549 | M12: 0.31102135 | N12: Нейтральный исход | O12: =MIN(J12,K12) -> 2113.8096 | P12: =CEILING(2 * (1.96 + 0.84)^2 * O12^2 / Итог!$B$3^2, 1) -> 71
A13: Красноярск | B13: 202 | C13: 535 | D13: 554 | E13: 1089 | F13: 2.3754472 | G13: 2667.7589 | H13: 2552.3953 | I13: 115.36357 | J13: 2576.6409 | K13: 2423.129 | L13: -0.76055317 | M13: 0.44709046 | N13: Нейтральный исход | O13: =MIN(J13,K13) -> 2423.129 | P13: =CEILING(2 * (1.96 + 0.84)^2 * O13^2 / Итог!$B$3^2, 1) -> 93
... A38: Тольятти | B38: 88 | C38: 183 | D38: 164 | E38: 347 | F38: 0.75691475 | G38: 2571.7377 | H38: 2289.6707 | I38: 282.06697 | J38: 2592.3093 | K38: 2470.6538 | L38: -1.0373055 | M38: 0.30032276 | N38: Нейтральный исход | O38: =MIN(J38,K38) -> 2470.6538 | P38: =CEILING(2 * (1.96 + 0.84)^2 * O38^2 / Итог!$B$3^2, 1) -> 96
